[
  {
    "id": "5ae02b57-1023-4b27-8793-66105e23a2b7",
    "data": [
      {
        "text": "Heya",
        "userDefined": false
      }
    ],
    "isTemplate": false,
    "count": 0,
    "updated": 1550236150
  },
  {
    "id": "0671c2ed-e66f-49cd-b17e-ea9e642ef9b6",
    "data": [
      {
        "text": "Hello",
        "userDefined": false
      }
    ],
    "isTemplate": false,
    "count": 0,
    "updated": 1550236150
  },
  {
    "id": "b5c2c970-7bee-4884-b43d-2a30b22570d8",
    "data": [
      {
        "text": "how are you",
        "userDefined": false
      }
    ],
    "isTemplate": false,
    "count": 0,
    "updated": 1550236150
  },
  {
    "id": "4e56824c-1565-44f2-a922-595138f99451",
    "data": [
      {
        "text": "Hey",
        "userDefined": false
      }
    ],
    "isTemplate": false,
    "count": 1,
    "updated": 1550236150
  },
  {
    "id": "6f6f0bc0-cdbf-478f-9d5e-ef09eebdb9ba",
    "data": [
      {
        "text": "Hi",
        "userDefined": false
      }
    ],
    "isTemplate": false,
    "count": 1,
    "updated": 1550236150
  },
  {
    "id": "ee0d454c-b558-480c-bf09-97a7a49d3f10",
    "data": [
      {
        "text": "what\u0027s up",
        "userDefined": false
      }
    ],
    "isTemplate": false,
    "count": 0,
    "updated": 1550236150
  },
  {
    "id": "d0931b06-3e68-496e-85ab-846bf2d25fbe",
    "data": [
      {
        "text": "Hi there",
        "userDefined": false
      }
    ],
    "isTemplate": false,
    "count": 0,
    "updated": 1550251144
  }
]