[
  {
    "id": "464ec810-bd29-4fb7-a9b6-61962164c800",
    "data": [
      {
        "text": "2",
        "alias": "AuthenticationID",
        "meta": "@sys.number",
        "userDefined": false
      }
    ],
    "isTemplate": false,
    "count": 0,
    "updated": 1550236301
  },
  {
    "id": "c5f7277d-2bd6-4cc4-aba7-6ed05052b058",
    "data": [
      {
        "text": "500",
        "alias": "AuthenticationID",
        "meta": "@sys.number",
        "userDefined": false
      }
    ],
    "isTemplate": false,
    "count": 0,
    "updated": 1550236301
  },
  {
    "id": "6ac918a5-ed3c-4713-a9c9-4d652d301371",
    "data": [
      {
        "text": "1",
        "alias": "AuthenticationID",
        "meta": "@sys.number",
        "userDefined": false
      }
    ],
    "isTemplate": false,
    "count": 0,
    "updated": 1550236301
  }
]