[
  {
    "id": "4067f2fc-f890-48a3-89ac-597fd3c1a13b",
    "data": [
      {
        "text": "No",
        "alias": "no",
        "meta": "@negative",
        "userDefined": true
      }
    ],
    "isTemplate": false,
    "count": 0,
    "updated": 1550244115
  },
  {
    "id": "07590e6c-ae9b-469c-8859-b3bd1a02c5a0",
    "data": [
      {
        "text": "Yes",
        "alias": "yes",
        "meta": "@positive",
        "userDefined": true
      }
    ],
    "isTemplate": false,
    "count": 0,
    "updated": 1550244115
  },
  {
    "id": "2a832b8c-9297-47b2-b60c-71f0c6261aec",
    "data": [
      {
        "text": "Yeah",
        "alias": "yes",
        "meta": "@positive",
        "userDefined": true
      },
      {
        "text": ", it is done",
        "userDefined": false
      }
    ],
    "isTemplate": false,
    "count": 0,
    "updated": 1550244115
  },
  {
    "id": "7a07d685-186d-42ed-8b17-536e85a00fbe",
    "data": [
      {
        "text": "Not yet",
        "alias": "no",
        "meta": "@negative",
        "userDefined": false
      }
    ],
    "isTemplate": false,
    "count": 0,
    "updated": 1550319077
  }
]