[
  {
    "id": "481b44c7-41c6-46fa-8210-e4ad1e83b5ab",
    "data": [
      {
        "text": "7",
        "alias": "dow",
        "meta": "@sys.number",
        "userDefined": false
      }
    ],
    "isTemplate": false,
    "count": 0,
    "updated": 1550320520
  },
  {
    "id": "be249146-8ba8-4732-b0e7-5ffb4eca8c85",
    "data": [
      {
        "text": "2",
        "alias": "dow",
        "meta": "@sys.number",
        "userDefined": true
      }
    ],
    "isTemplate": false,
    "count": 0,
    "updated": 1550320520
  },
  {
    "id": "e23fb694-3f79-4520-807f-3ecda740acc0",
    "data": [
      {
        "text": "1",
        "alias": "dow",
        "meta": "@sys.number",
        "userDefined": true
      }
    ],
    "isTemplate": false,
    "count": 0,
    "updated": 1550320520
  }
]