[
  {
    "id": "6f9ef905-4f62-43d3-bc3f-8b4152051581",
    "data": [
      {
        "text": "rigorous",
        "alias": "type_exercise",
        "meta": "@type_exercise",
        "userDefined": true
      }
    ],
    "isTemplate": false,
    "count": 0,
    "updated": 1550321767
  },
  {
    "id": "70a1d1ff-91f5-4cd9-b054-16f7ec2beef6",
    "data": [
      {
        "text": "non-rigorous",
        "alias": "type_exercise",
        "meta": "@type_exercise",
        "userDefined": true
      }
    ],
    "isTemplate": false,
    "count": 0,
    "updated": 1550321767
  }
]