[
  {
    "id": "90c89c47-5687-479a-8654-ad32b892813b",
    "data": [
      {
        "text": "30 min to 1 hr",
        "alias": "time_exercise",
        "meta": "@time_exercise",
        "userDefined": true
      }
    ],
    "isTemplate": false,
    "count": 0,
    "updated": 1550323794
  },
  {
    "id": "8fc552e3-b2bc-4d8e-b6c0-8870823e56f8",
    "data": [
      {
        "text": "more than 1 hr",
        "alias": "time_exercise",
        "meta": "@time_exercise",
        "userDefined": true
      }
    ],
    "isTemplate": false,
    "count": 0,
    "updated": 1550323794
  },
  {
    "id": "89babff1-f172-42e3-bee9-fbe4f50b7a08",
    "data": [
      {
        "text": "less than 15 min",
        "alias": "time_exercise",
        "meta": "@time_exercise",
        "userDefined": true
      }
    ],
    "isTemplate": false,
    "count": 0,
    "updated": 1550323794
  },
  {
    "id": "b76c8aa2-3abd-4162-8165-a056dae9d14b",
    "data": [
      {
        "text": "15 to 30 min",
        "alias": "time_exercise",
        "meta": "@time_exercise",
        "userDefined": true
      }
    ],
    "isTemplate": false,
    "count": 0,
    "updated": 1550323794
  }
]