[
  {
    "id": "78435170-89fe-412b-94d5-db33f3f54b4f",
    "data": [
      {
        "text": "student",
        "alias": "occupation",
        "meta": "@sys.any",
        "userDefined": true
      }
    ],
    "isTemplate": false,
    "count": 0,
    "updated": 1550324456
  },
  {
    "id": "f7314677-4836-4716-9b9e-b4617d3b3d67",
    "data": [
      {
        "text": "teacher",
        "alias": "occupation",
        "meta": "@sys.any",
        "userDefined": true
      }
    ],
    "isTemplate": false,
    "count": 0,
    "updated": 1550324456
  },
  {
    "id": "0b3a1575-0a5e-43c0-a57e-dadf1e9b4930",
    "data": [
      {
        "text": "doctor",
        "alias": "occupation",
        "meta": "@sys.any",
        "userDefined": true
      }
    ],
    "isTemplate": false,
    "count": 1,
    "updated": 1550324456
  }
]