[
  {
    "id": "e6dc78de-a746-406d-a73b-e819a40371b0",
    "data": [
      {
        "text": "2",
        "alias": "amount_stress",
        "meta": "@sys.number",
        "userDefined": false
      }
    ],
    "isTemplate": false,
    "count": 0,
    "updated": 1550339767
  },
  {
    "id": "035f905a-8fcb-4895-94c0-55ad9d8d2703",
    "data": [
      {
        "text": "7",
        "alias": "amount_stress",
        "meta": "@sys.number",
        "userDefined": false
      }
    ],
    "isTemplate": false,
    "count": 0,
    "updated": 1550339767
  },
  {
    "id": "7daf40cc-39fe-4086-aa3d-cda1e9caf0c8",
    "data": [
      {
        "text": "1",
        "alias": "amount_stress",
        "meta": "@sys.number",
        "userDefined": false
      }
    ],
    "isTemplate": false,
    "count": 0,
    "updated": 1550339767
  }
]