[
  {
    "id": "9e5411f0-cc32-4e47-9f1b-1eb94075ffc4",
    "data": [
      {
        "text": "irregular",
        "alias": "freq_urine",
        "meta": "@freq_urine",
        "userDefined": true
      }
    ],
    "isTemplate": false,
    "count": 0,
    "updated": 1550339890
  },
  {
    "id": "4c4c546d-44e4-46c5-b7a1-958fd473dae4",
    "data": [
      {
        "text": "regular",
        "alias": "freq_urine",
        "meta": "@freq_urine",
        "userDefined": true
      }
    ],
    "isTemplate": false,
    "count": 0,
    "updated": 1550339890
  }
]