[
  {
    "id": "a656dc9b-fd94-4eec-abe7-5b2d03f2b7f2",
    "data": [
      {
        "text": "twice",
        "alias": "consistency_feces",
        "meta": "@consistency_feces",
        "userDefined": true
      }
    ],
    "isTemplate": false,
    "count": 0,
    "updated": 1550340190
  },
  {
    "id": "b21b15ba-650e-4ecb-af72-3f70b084b4f4",
    "data": [
      {
        "text": "more than twice",
        "alias": "consistency_feces",
        "meta": "@consistency_feces",
        "userDefined": true
      }
    ],
    "isTemplate": false,
    "count": 0,
    "updated": 1550340190
  },
  {
    "id": "cf9b9b4f-8162-42bb-a909-9606a197d652",
    "data": [
      {
        "text": "once",
        "alias": "consistency_feces",
        "meta": "@consistency_feces",
        "userDefined": true
      }
    ],
    "isTemplate": false,
    "count": 0,
    "updated": 1550340190
  }
]