[
  {
    "id": "5cad3414-d3f6-4dfd-bb03-5018a9d4d53c",
    "data": [
      {
        "text": "N,N,Y,Y",
        "alias": "family_history",
        "meta": "@family_history",
        "userDefined": false
      }
    ],
    "isTemplate": false,
    "count": 0,
    "updated": 1550341845
  },
  {
    "id": "48c52096-cc1a-4a72-b4b8-11cc94570ca4",
    "data": [
      {
        "text": "Y,N,Y,Y",
        "alias": "family_history",
        "meta": "@family_history",
        "userDefined": false
      }
    ],
    "isTemplate": false,
    "count": 0,
    "updated": 1550341845
  }
]