[
  {
    "id": "141a1d6c-f18e-445e-9048-8d897ae0dfbb",
    "data": [
      {
        "text": "N,N,N",
        "alias": "personal_history",
        "meta": "@personal_history",
        "userDefined": false
      }
    ],
    "isTemplate": false,
    "count": 0,
    "updated": 1550342232
  },
  {
    "id": "b6e3f01e-911c-4331-8957-699471c9a06f",
    "data": [
      {
        "text": "N,Y,Y",
        "alias": "personal_history",
        "meta": "@personal_history",
        "userDefined": false
      }
    ],
    "isTemplate": false,
    "count": 0,
    "updated": 1550342232
  }
]