[
  {
    "id": "ea24b246-03ae-40c4-b86a-5615b485b6c5",
    "data": [
      {
        "text": "Y,Y,Y,Y",
        "alias": "prescribed_history",
        "meta": "@family_history",
        "userDefined": false
      }
    ],
    "isTemplate": false,
    "count": 0,
    "updated": 1550342437
  },
  {
    "id": "b90a0a06-37c8-4d73-85bf-ede0c97f89c8",
    "data": [
      {
        "text": "N,N,N,N",
        "alias": "prescribed_history",
        "meta": "@family_history",
        "userDefined": false
      }
    ],
    "isTemplate": false,
    "count": 0,
    "updated": 1550342437
  }
]