[
  {
    "id": "44189016-bf73-450c-a3be-1e0f68f4a9a9",
    "data": [
      {
        "text": "coughing",
        "alias": "current_symptoms",
        "meta": "@sys.any",
        "userDefined": true
      }
    ],
    "isTemplate": false,
    "count": 0,
    "updated": 1550342602
  },
  {
    "id": "0ada5fc1-cae1-464d-ab32-16a8884823f2",
    "data": [
      {
        "text": "sneeze, headache",
        "alias": "current_symptoms",
        "meta": "@sys.any",
        "userDefined": true
      }
    ],
    "isTemplate": false,
    "count": 0,
    "updated": 1550342602
  }
]