[
  {
    "id": "21ce693b-f734-4a16-a5e3-7ec72d985f61",
    "data": [
      {
        "text": "I took about 3 weeks.",
        "alias": "time_symptoms",
        "meta": "@sys.any",
        "userDefined": true
      }
    ],
    "isTemplate": false,
    "count": 0,
    "updated": 1550342866
  },
  {
    "id": "9b18f044-d3ea-428c-b38c-44805959dc01",
    "data": [
      {
        "text": "headache once during 3 months.",
        "alias": "time_symptoms",
        "meta": "@sys.any",
        "userDefined": true
      }
    ],
    "isTemplate": false,
    "count": 0,
    "updated": 1550342866
  }
]