[
  {
    "id": "9ce319d1-b694-4c70-873e-2b5f038756a8",
    "data": [
      {
        "text": "saurav",
        "alias": "name",
        "meta": "@sys.any",
        "userDefined": true
      }
    ],
    "isTemplate": false,
    "count": 0,
    "updated": 1550235966
  },
  {
    "id": "40c0175f-727e-4ac0-b227-351a0856ca3e",
    "data": [
      {
        "text": "my name is ",
        "userDefined": false
      },
      {
        "text": "Saurav",
        "alias": "name",
        "meta": "@sys.any",
        "userDefined": true
      }
    ],
    "isTemplate": false,
    "count": 0,
    "updated": 1550235966
  }
]