[
  {
    "id": "3e2626cd-2255-43c8-9fda-6c54404c3a7f",
    "data": [
      {
        "text": "got a lot of it",
        "alias": "discomfort_info",
        "meta": "@sys.any",
        "userDefined": true
      }
    ],
    "isTemplate": false,
    "count": 0,
    "updated": 1550343098
  },
  {
    "id": "1ab58759-50b2-4aef-9b03-556f0ca7120b",
    "data": [
      {
        "text": "mention some info",
        "alias": "discomfort_info",
        "meta": "@sys.any",
        "userDefined": true
      }
    ],
    "isTemplate": false,
    "count": 0,
    "updated": 1550343098
  }
]