[
  {
    "id": "f5f3c071-d76d-4f67-b50a-4b8d3af11abd",
    "data": [
      {
        "text": "my email is ",
        "userDefined": false
      },
      {
        "text": "saurabhmohapatra23@gmail.com",
        "alias": "email",
        "meta": "@sys.email",
        "userDefined": true
      }
    ],
    "isTemplate": false,
    "count": 0,
    "updated": 1550237639
  },
  {
    "id": "65a63f15-97cb-428d-b44a-4c6bbcf4e01d",
    "data": [
      {
        "text": "saurabhmohapatra23@gmail.com",
        "alias": "email",
        "meta": "@sys.email",
        "userDefined": true
      }
    ],
    "isTemplate": false,
    "count": 0,
    "updated": 1550237639
  },
  {
    "id": "cf894b81-34c3-4f91-a850-8e00963c1523",
    "data": [
      {
        "text": "saurav.mohapatra2015@vit.ac.in",
        "alias": "email",
        "meta": "@sys.email",
        "userDefined": true
      }
    ],
    "isTemplate": false,
    "count": 0,
    "updated": 1550237639
  }
]