[
  {
    "id": "ac888196-9714-4f2d-96b9-c6279950f491",
    "data": [
      {
        "text": "23",
        "alias": "age",
        "meta": "@sys.number",
        "userDefined": false
      }
    ],
    "isTemplate": false,
    "count": 0,
    "updated": 1550241274
  },
  {
    "id": "99631f43-2dbd-4299-bf7e-107e21529b04",
    "data": [
      {
        "text": "45",
        "alias": "age",
        "meta": "@sys.number",
        "userDefined": false
      },
      {
        "text": " years",
        "userDefined": false
      }
    ],
    "isTemplate": false,
    "count": 1,
    "updated": 1550250148
  },
  {
    "id": "40299ae4-be9b-4e11-a4d8-48cc203356d8",
    "data": [
      {
        "text": "My age is ",
        "userDefined": false
      },
      {
        "text": "28",
        "alias": "age",
        "meta": "@sys.number",
        "userDefined": false
      },
      {
        "text": " years.",
        "userDefined": false
      }
    ],
    "isTemplate": false,
    "count": 0,
    "updated": 1550250148
  },
  {
    "id": "a1671804-1123-4577-8f1b-686f052b7039",
    "data": [
      {
        "text": "I am ",
        "userDefined": false
      },
      {
        "text": "23",
        "alias": "age",
        "meta": "@sys.number",
        "userDefined": true
      },
      {
        "text": " years old",
        "userDefined": false
      }
    ],
    "isTemplate": false,
    "count": 0,
    "updated": 1550242903
  },
  {
    "id": "a36caed0-d212-4140-8fe5-d8ff543358c5",
    "data": [
      {
        "text": "56",
        "alias": "age",
        "meta": "@sys.number",
        "userDefined": false
      }
    ],
    "isTemplate": false,
    "count": 0,
    "updated": 1550241274
  },
  {
    "id": "d7858ad3-f4b2-4066-8cd7-5b290d743dd1",
    "data": [
      {
        "text": "45",
        "alias": "age",
        "meta": "@sys.number",
        "userDefined": false
      }
    ],
    "isTemplate": false,
    "count": 0,
    "updated": 1550241274
  }
]