[
  {
    "id": "727a7d4d-92d5-4868-9da9-e846da55d7bc",
    "data": [
      {
        "text": "67 kg",
        "alias": "weight",
        "meta": "@sys.unit-weight",
        "userDefined": false
      }
    ],
    "isTemplate": false,
    "count": 0,
    "updated": 1550241531
  },
  {
    "id": "566321a5-9a2d-45b9-acc3-4afc90914b47",
    "data": [
      {
        "text": "My weight is ",
        "userDefined": false
      },
      {
        "text": "71 kg",
        "alias": "weight",
        "meta": "@sys.unit-weight",
        "userDefined": false
      }
    ],
    "isTemplate": false,
    "count": 0,
    "updated": 1550241531
  },
  {
    "id": "44c1fda9-ea5c-4ca6-9bd7-75d7d4479f1f",
    "data": [
      {
        "text": "I weigh ",
        "userDefined": false
      },
      {
        "text": "83 kg",
        "alias": "weight",
        "meta": "@sys.unit-weight",
        "userDefined": false
      },
      {
        "text": ".",
        "userDefined": false
      }
    ],
    "isTemplate": false,
    "count": 0,
    "updated": 1550241531
  }
]