[
  {
    "id": "9b002d4a-bb52-4070-a7e9-e457aa8606a7",
    "data": [
      {
        "text": "My height is ",
        "userDefined": false
      },
      {
        "text": "172 cm",
        "alias": "height",
        "meta": "@sys.unit-length",
        "userDefined": false
      }
    ],
    "isTemplate": false,
    "count": 0,
    "updated": 1550242246
  },
  {
    "id": "fd2a9bb0-20f1-42db-9c32-f44f2386434b",
    "data": [
      {
        "text": "I am ",
        "userDefined": false
      },
      {
        "text": "145 cm",
        "alias": "height",
        "meta": "@sys.unit-length",
        "userDefined": false
      },
      {
        "text": " tall.",
        "userDefined": false
      }
    ],
    "isTemplate": false,
    "count": 0,
    "updated": 1550242246
  },
  {
    "id": "d7983993-083b-4480-a80d-335add145c6c",
    "data": [
      {
        "text": "165 cm",
        "alias": "height",
        "meta": "@sys.unit-length",
        "userDefined": false
      }
    ],
    "isTemplate": false,
    "count": 0,
    "updated": 1550242246
  }
]