[
  {
    "id": "9d69a960-f8da-4262-879a-d5d2745bdd78",
    "data": [
      {
        "text": "Can\u0027t specify",
        "userDefined": false
      }
    ],
    "isTemplate": false,
    "count": 0,
    "updated": 1550242004
  },
  {
    "id": "12e9c88a-27cf-4626-be11-2c69edfb0d7d",
    "data": [
      {
        "text": "I am ",
        "userDefined": false
      },
      {
        "text": "female",
        "alias": "female",
        "meta": "@femaleList",
        "userDefined": true
      }
    ],
    "isTemplate": false,
    "count": 0,
    "updated": 1550243221
  },
  {
    "id": "e4b3c722-d137-48ee-b1b4-ebb3073e6c4b",
    "data": [
      {
        "text": "others",
        "userDefined": false
      }
    ],
    "isTemplate": false,
    "count": 0,
    "updated": 1550242004
  },
  {
    "id": "0f9a2526-ec00-47b4-949d-29b568e98208",
    "data": [
      {
        "text": "Male",
        "alias": "male",
        "meta": "@malelist",
        "userDefined": true
      }
    ],
    "isTemplate": false,
    "count": 0,
    "updated": 1550242004
  },
  {
    "id": "0c60e451-d56d-4f21-a4a5-5c68125d347f",
    "data": [
      {
        "text": "I am ",
        "userDefined": false
      },
      {
        "text": "male",
        "alias": "male",
        "meta": "@malelist",
        "userDefined": true
      }
    ],
    "isTemplate": false,
    "count": 0,
    "updated": 1550242004
  },
  {
    "id": "34725d32-d4c0-4dd4-93b0-6a9df6c6230d",
    "data": [
      {
        "text": "Female",
        "alias": "female",
        "meta": "@femaleList",
        "userDefined": true
      }
    ],
    "isTemplate": false,
    "count": 2,
    "updated": 1550243221
  }
]