[
  {
    "id": "24f22870-8a36-4e9e-9b27-2d40e0617a49",
    "data": [
      {
        "text": "My last period occured on ",
        "userDefined": false
      },
      {
        "text": "11/02/2019",
        "alias": "dateOfCycle",
        "meta": "@sys.date",
        "userDefined": false
      },
      {
        "text": ".",
        "userDefined": false
      }
    ],
    "isTemplate": false,
    "count": 0,
    "updated": 1550243911
  },
  {
    "id": "f9aa9f3e-d382-4348-b69b-c751fa1359ac",
    "data": [
      {
        "text": "18/11/1996",
        "alias": "dateOfCycle",
        "meta": "@sys.date",
        "userDefined": false
      }
    ],
    "isTemplate": false,
    "count": 0,
    "updated": 1550243911
  }
]