[
  {
    "id": "4b10c4d5-df15-4c00-a722-8a5e7afeaad5",
    "data": [
      {
        "text": "Yeah",
        "alias": "yes",
        "meta": "@positive",
        "userDefined": true
      }
    ],
    "isTemplate": false,
    "count": 0,
    "updated": 1550246781
  },
  {
    "id": "c2137668-f4dc-416e-b0d9-e4b205bb23d4",
    "data": [
      {
        "text": "Yes",
        "alias": "yes",
        "meta": "@positive",
        "userDefined": true
      },
      {
        "text": ", it is regular",
        "userDefined": false
      }
    ],
    "isTemplate": false,
    "count": 0,
    "updated": 1550246781
  },
  {
    "id": "5a2fb071-7b2a-4fdf-9b94-3a04c410a03e",
    "data": [
      {
        "text": "No",
        "alias": "no",
        "meta": "@negative",
        "userDefined": true
      },
      {
        "text": ", not regular",
        "userDefined": false
      }
    ],
    "isTemplate": false,
    "count": 0,
    "updated": 1550253043
  },
  {
    "id": "7f40519a-ee54-4e34-b940-7463e0bc6a8d",
    "data": [
      {
        "text": "No",
        "alias": "no",
        "meta": "@negative",
        "userDefined": true
      }
    ],
    "isTemplate": false,
    "count": 0,
    "updated": 1550253043
  },
  {
    "id": "4af859cb-818e-403d-bcbc-2755a99c21b4",
    "data": [
      {
        "text": "Yes",
        "alias": "yes",
        "meta": "@positive",
        "userDefined": true
      }
    ],
    "isTemplate": false,
    "count": 0,
    "updated": 1550246781
  }
]