[
  {
    "id": "4d6471b3-9d35-4c4e-b3d3-af72ad364eb7",
    "data": [
      {
        "text": "1",
        "alias": "option1",
        "meta": "@option1",
        "userDefined": true
      }
    ],
    "isTemplate": false,
    "count": 0,
    "updated": 1550254530
  },
  {
    "id": "a227b988-aa89-4d50-b3e8-6884a871cdb7",
    "data": [
      {
        "text": "2",
        "alias": "option2",
        "meta": "@option2",
        "userDefined": true
      }
    ],
    "isTemplate": false,
    "count": 0,
    "updated": 1550254020
  }
]