[
  {
    "id": "46ba7744-ae9b-40a8-95a3-79faef3a8420",
    "data": [
      {
        "text": "No",
        "alias": "no",
        "meta": "@negative",
        "userDefined": false
      }
    ],
    "isTemplate": false,
    "count": 0,
    "updated": 1550255832
  },
  {
    "id": "d31a01a9-cfe0-4a1d-912e-7ba77a9bbaa7",
    "data": [
      {
        "text": "Yes",
        "alias": "yes",
        "meta": "@positive",
        "userDefined": false
      }
    ],
    "isTemplate": false,
    "count": 0,
    "updated": 1550255832
  }
]