[
  {
    "id": "9dec99da-38c7-49ce-a96a-d692c1dd06cc",
    "data": [
      {
        "text": "Semi-sedantary",
        "alias": "lifestyle",
        "meta": "@lifestyle",
        "userDefined": true
      }
    ],
    "isTemplate": false,
    "count": 0,
    "updated": 1550244583
  },
  {
    "id": "2ca4f9c5-204b-4923-84c5-3a269750b247",
    "data": [
      {
        "text": "laborious",
        "alias": "lifestyle",
        "meta": "@lifestyle",
        "userDefined": true
      }
    ],
    "isTemplate": false,
    "count": 0,
    "updated": 1550244583
  },
  {
    "id": "2dd01b71-2c4b-4dfe-86eb-1e90aefa319a",
    "data": [
      {
        "text": "Sedentary",
        "alias": "lifestyle",
        "meta": "@lifestyle",
        "userDefined": true
      }
    ],
    "isTemplate": false,
    "count": 0,
    "updated": 1550244583
  }
]