[
  {
    "id": "733d3498-abcb-4dac-909c-beb8ea98fae1",
    "data": [
      {
        "text": "vegetarian",
        "alias": "diet",
        "meta": "@diet",
        "userDefined": true
      }
    ],
    "isTemplate": false,
    "count": 0,
    "updated": 1550317579
  },
  {
    "id": "d550d0cc-d05b-4591-9400-b17a34aced26",
    "data": [
      {
        "text": "vegan",
        "alias": "diet",
        "meta": "@diet",
        "userDefined": true
      }
    ],
    "isTemplate": false,
    "count": 0,
    "updated": 1550317579
  },
  {
    "id": "36c92eec-2177-4460-9833-a2587c491efe",
    "data": [
      {
        "text": "non-vegetarian",
        "alias": "diet",
        "meta": "@diet",
        "userDefined": true
      }
    ],
    "isTemplate": false,
    "count": 1,
    "updated": 1550317579
  }
]