[
  {
    "value": "N,N,N,Y",
    "synonyms": [
      "N,N,N,Y"
    ]
  },
  {
    "value": "Y,N,N,Y",
    "synonyms": [
      "Y,N,N,Y"
    ]
  },
  {
    "value": "Y,N,N,N",
    "synonyms": [
      "Y,N,N,N"
    ]
  },
  {
    "value": "Y,N,Y,Y",
    "synonyms": [
      "Y,N,Y,Y"
    ]
  },
  {
    "value": "Y,Y,Y,Y",
    "synonyms": [
      "Y,Y,Y,Y"
    ]
  },
  {
    "value": "N,N,Y,N",
    "synonyms": [
      "N,N,Y,N"
    ]
  },
  {
    "value": "N,N,Y,Y",
    "synonyms": [
      "N,N,Y,Y"
    ]
  },
  {
    "value": "N,Y,N,Y",
    "synonyms": [
      "N,Y,N,Y"
    ]
  },
  {
    "value": "N,Y,Y,N",
    "synonyms": [
      "N,Y,Y,N"
    ]
  },
  {
    "value": "N,N,N,N",
    "synonyms": [
      "N,N,N,N"
    ]
  },
  {
    "value": "N,Y,Y,Y",
    "synonyms": [
      "N,Y,Y,Y"
    ]
  },
  {
    "value": "Y,N,Y,N",
    "synonyms": [
      "Y,N,Y,N"
    ]
  },
  {
    "value": "Y,Y,N,N",
    "synonyms": [
      "Y,Y,N,N"
    ]
  },
  {
    "value": "Y,Y,N,Y",
    "synonyms": [
      "Y,Y,N,Y"
    ]
  },
  {
    "value": "Y,Y,Y,N",
    "synonyms": [
      "Y,Y,Y,N"
    ]
  },
  {
    "value": "N,Y,N,N",
    "synonyms": [
      "N,Y,N,N"
    ]
  }
]