[
  {
    "value": "less rest",
    "synonyms": [
      "less rest"
    ]
  },
  {
    "value": "too less rest",
    "synonyms": [
      "too less rest"
    ]
  },
  {
    "value": "less work",
    "synonyms": [
      "less work"
    ]
  },
  {
    "value": "too much work",
    "synonyms": [
      "too much work"
    ]
  },
  {
    "value": "too less work",
    "synonyms": [
      "too less work"
    ]
  },
  {
    "value": "sedentary",
    "synonyms": [
      "sedentary"
    ]
  },
  {
    "value": "laborious",
    "synonyms": [
      "laborious"
    ]
  },
  {
    "value": "balanced",
    "synonyms": [
      "balanced"
    ]
  },
  {
    "value": "semi-sedentary",
    "synonyms": [
      "semi-sedentary"
    ]
  },
  {
    "value": "more work",
    "synonyms": [
      "more work"
    ]
  },
  {
    "value": "too much rest",
    "synonyms": [
      "too much rest"
    ]
  },
  {
    "value": "more rest",
    "synonyms": [
      "more rest"
    ]
  },
  {
    "value": "Semi-sedantary",
    "synonyms": [
      "Semi-sedantary"
    ]
  }
]